{
  "Load test" : {
    "transaction" : "Load test",
    "sampleCount" : 4217,
    "errorCount" : 6,
    "errorPct" : 0.14228125,
    "meanResTime" : 962.2115247806473,
    "medianResTime" : 698.0,
    "minResTime" : 251.0,
    "maxResTime" : 6596.0,
    "pct1ResTime" : 1962.0,
    "pct2ResTime" : 2382.899999999999,
    "pct3ResTime" : 4837.05999999999,
    "throughput" : 70.40654478671007,
    "receivedKBytesPerSec" : 221.68826370627764,
    "sentKBytesPerSec" : 8.525792532765673
  },
  "Total" : {
    "transaction" : "Total",
    "sampleCount" : 18504,
    "errorCount" : 362,
    "errorPct" : 1.9563338,
    "meanResTime" : 1514.9229355814896,
    "medianResTime" : 903.0,
    "minResTime" : 9.0,
    "maxResTime" : 11818.0,
    "pct1ResTime" : 3750.0,
    "pct2ResTime" : 5353.25,
    "pct3ResTime" : 8351.750000000004,
    "throughput" : 122.42386550841235,
    "receivedKBytesPerSec" : 384.0440657005267,
    "sentKBytesPerSec" : 14.54195357003447
  },
  "stress test" : {
    "transaction" : "stress test",
    "sampleCount" : 12988,
    "errorCount" : 356,
    "errorPct" : 2.7409916,
    "meanResTime" : 1616.9305512781045,
    "medianResTime" : 948.5,
    "minResTime" : 9.0,
    "maxResTime" : 11818.0,
    "pct1ResTime" : 4051.300000000001,
    "pct2ResTime" : 6845.799999999988,
    "pct3ResTime" : 8575.330000000002,
    "throughput" : 210.92290952790816,
    "receivedKBytesPerSec" : 660.5419459579064,
    "sentKBytesPerSec" : 24.84725678824886
  },
  "spike test" : {
    "transaction" : "spike test",
    "sampleCount" : 1299,
    "errorCount" : 0,
    "errorPct" : 0.0,
    "meanResTime" : 2289.2948421862957,
    "medianResTime" : 1475.0,
    "minResTime" : 254.0,
    "maxResTime" : 7252.0,
    "pct1ResTime" : 5041.0,
    "pct2ResTime" : 5583.0,
    "pct3ResTime" : 6438.0,
    "throughput" : 134.91898628998752,
    "receivedKBytesPerSec" : 425.3114289052763,
    "sentKBytesPerSec" : 16.33784599605318
  }
}